,Title,Price,Rating
0,A Light in the Attic,51.77,3
1,Tipping the Velvet,53.74,1
2,Soumission,50.1,1
3,Sharp Objects,47.82,4
4,Sapiens: A Brief History of Humankind,54.23,5
5,The Requiem Red,22.65,1
6,The Dirty Little Secrets of Getting Your Dream Job,33.34,4
7,"The Coming Woman: A Novel Based on the Life of the Infamous Feminist, Victoria Woodhull",17.93,3
8,The Boys in the Boat: Nine Americans and Their Epic Quest for Gold at the 1936 Berlin Olympics,22.6,4
9,The Black Maria,52.15,1
10,"Starving Hearts (Triangular Trade Trilogy, #1)",13.99,2
11,Shakespeare's Sonnets,20.66,4
12,Set Me Free,17.46,5
13,Scott Pilgrim's Precious Little Life (Scott Pilgrim #1),52.29,5
14,Rip it Up and Start Again,35.02,5
15,"Our Band Could Be Your Life: Scenes from the American Indie Underground, 1981-1991",57.25,3
16,Olio,23.88,1
17,Mesaerion: The Best Science Fiction Stories 1800-1849,37.59,1
18,Libertarianism for Beginners,51.33,2
19,It's Only the Himalayas,45.17,2
20,In Her Wake,12.84,1
21,How Music Works,37.32,2
22,"Foolproof Preserving: A Guide to Small Batch Jams, Jellies, Pickles, Condiments, and More: A Foolproof Guide to Making Small Batch Jams, Jellies, Pickles, Condiments, and More",30.52,3
23,Chase Me (Paris Nights #2),25.27,5
24,Black Dust,34.53,5
25,Birdsong: A Story in Pictures,54.64,3
26,America's Cradle of Quarterbacks: Western Pennsylvania's Football Factory from Johnny Unitas to Joe Montana,22.5,3
27,Aladdin and His Wonderful Lamp,53.13,3
28,Worlds Elsewhere: Journeys Around Shakespeare’s Globe,40.3,5
29,Wall and Piece,44.18,4
30,The Four Agreements: A Practical Guide to Personal Freedom,17.66,5
31,The Five Love Languages: How to Express Heartfelt Commitment to Your Mate,31.05,3
32,The Elephant Tree,23.82,5
33,The Bear and the Piano,36.89,1
34,Sophie's World,15.94,5
35,Penny Maybe,33.29,3
36,Maude (1883-1993):She Grew Up with the country,18.02,2
37,"In a Dark, Dark Wood",19.63,1
38,Behind Closed Doors,52.22,4
39,You can't bury them all: Poems,33.63,2
40,Slow States of Collapse: Poems,57.31,3
41,Reasons to Stay Alive,26.41,2
42,Private Paris (Private #10),47.61,5
43,#HigherSelfie: Wake Up Your Life. Free Your Soul. Find Your Tribe.,23.11,5
44,Without Borders (Wanderlove #1),45.07,2
45,When We Collided,31.77,1
46,"We Love You, Charlie Freeman",50.27,5
47,Untitled Collection: Sabbath Poems 2014,14.27,4
48,"Unseen City: The Majesty of Pigeons, the Discreet Charm of Snails & Other Wonders of the Urban Wilderness",44.18,4
49,Unicorn Tracks,18.78,3
50,"Unbound: How Eight Technologies Made Us Human, Transformed Society, and Brought Our World to the Brink",25.52,1
51,Tsubasa: WoRLD CHRoNiCLE 2 (Tsubasa WoRLD CHRoNiCLE #2),16.28,1
52,Throwing Rocks at the Google Bus: How Growth Became the Enemy of Prosperity,31.12,3
53,This One Summer,19.49,4
54,Thirst,17.27,5
55,The Torch Is Passed: A Harding Family Story,19.09,1
56,The Secret of Dreadwillow Carse,56.13,1
57,"The Pioneer Woman Cooks: Dinnertime: Comfort Classics, Freezer Food, 16-Minute Meals, and Other Delicious Ways to Solve Supper!",56.41,1
58,The Past Never Ends,56.5,4
59,The Natural History of Us (The Fine Art of Pretending #2),45.22,3
60,The Nameless City (The Nameless City #1),38.16,4
61,The Murder That Never Was (Forensic Instincts #5),54.11,3
62,The Most Perfect Thing: Inside (and Outside) a Bird's Egg,42.96,4
63,"The Mindfulness and Acceptance Workbook for Anxiety: A Guide to Breaking Free from Anxiety, Phobias, and Worry Using Acceptance and Commitment Therapy",23.89,4
64,The Life-Changing Magic of Tidying Up: The Japanese Art of Decluttering and Organizing,16.77,3
65,"The Inefficiency Assassin: Time Management Tactics for Working Smarter, Not Longer",20.59,5
66,The Gutsy Girl: Escapades for Your Life of Epic Adventure,37.13,1
67,The Electric Pencil: Drawings from Inside State Hospital No. 3,56.06,1
68,The Death of Humanity: and the Case for Life,58.11,4
69,"The Bulletproof Diet: Lose up to a Pound a Day, Reclaim Energy and Focus, Upgrade Your Life",49.05,3
70,The Art Forger,40.76,3
71,The Age of Genius: The Seventeenth Century and the Birth of the Modern Mind,19.73,1
72,The Activist's Tao Te Ching: Ancient Advice for a Modern Revolution,32.24,5
73,Spark Joy: An Illustrated Master Class on the Art of Organizing and Tidying Up,41.83,4
74,Soul Reader,39.58,2
75,Security,39.25,2
76,"Saga, Volume 6 (Saga (Collected Editions) #6)",25.02,3
77,"Saga, Volume 5 (Saga (Collected Editions) #5)",51.04,2
78,Reskilling America: Learning to Labor in the Twenty-First Century,19.83,2
79,"Rat Queens, Vol. 3: Demons (Rat Queens (Collected Editions) #11-15)",50.4,3
80,"Princess Jellyfish 2-in-1 Omnibus, Vol. 01 (Princess Jellyfish 2-in-1 Omnibus #1)",13.61,5
81,Princess Between Worlds (Wide-Awake Princess #5),13.34,5
82,"Pop Gun War, Volume 1: Gift",18.97,1
83,"Political Suicide: Missteps, Peccadilloes, Bad Calls, Backroom Hijinx, Sordid Pasts, Rotten Breaks, and Just Plain Dumb Mistakes in the Annals of American Politics",36.28,2
84,Patience,10.16,3
85,"Outcast, Vol. 1: A Darkness Surrounds Him (Outcast #1)",15.44,4
86,orange: The Complete Collection 1 (orange: The Complete Collection #1),48.41,1
87,Online Marketing for Busy Authors: A Step-By-Step Guide,46.35,1
88,On a Midnight Clear,14.07,3
89,Obsidian (Lux #1),14.86,2
90,My Paris Kitchen: Recipes and Stories,33.37,2
91,Masks and Shadows,56.4,2
92,"Mama Tried: Traditional Italian Cooking for the Screwed, Crude, Vegan, and Tattooed",14.02,4
93,"Lumberjanes, Vol. 2: Friendship to the Max (Lumberjanes #5-8)",46.91,2
94,"Lumberjanes, Vol. 1: Beware the Kitten Holy (Lumberjanes #1-4)",45.61,3
95,Lumberjanes Vol. 3: A Terrible Plan (Lumberjanes #9-12),19.92,2
96,"Layered: Baking, Building, and Styling Spectacular Cakes",40.11,1
97,Judo: Seven Steps to Black Belt (an Introductory Guide for Beginners),53.9,2
98,Join,35.67,5
99,In the Country We Love: My Family Divided,22.0,4
100,Immunity: How Elie Metchnikoff Changed the Course of Modern Medicine,57.36,5
101,"I Hate Fairyland, Vol. 1: Madly Ever After (I Hate Fairyland (Compilations) #1-5)",29.17,2
102,I am a Hero Omnibus Volume 1,54.63,3
103,How to Be Miserable: 40 Strategies You Already Use,46.03,1
104,Her Backup Boyfriend (The Sorensen Family #1),33.97,1
105,"Giant Days, Vol. 2 (Giant Days #5-8)",22.11,2
106,Forever and Forever: The Courtship of Henry Longfellow and Fanny Appleton,29.69,3
107,First and First (Five Boroughs #3),15.97,4
108,Fifty Shades Darker (Fifty Shades #2),21.96,1
109,Everydata: The Misinformation Hidden in the Little Data You Consume Every Day,54.35,2
110,"Don't Be a Jerk: And Other Practical Advice from Dogen, Japan's Greatest Zen Master",37.97,2
111,Danganronpa Volume 1,51.99,4
112,Crown of Midnight (Throne of Glass #2),43.29,3
113,"Codename Baboushka, Volume 1: The Conclave of Death",36.72,4
114,Camp Midnight,17.08,4
115,Call the Nurse: True Stories of a Country Nurse on a Scottish Isle,29.14,5
116,Burning,28.81,3
117,Bossypants,49.46,2
118,"Bitch Planet, Vol. 1: Extraordinary Machine (Bitch Planet (Collected Editions))",37.92,2
119,"Avatar: The Last Airbender: Smoke and Shadow, Part 3 (Smoke and Shadow #3)",28.09,2
120,Algorithms to Live By: The Computer Science of Human Decisions,30.81,1
121,A World of Flavor: Your Gluten Free Passport,42.95,1
122,"A Piece of Sky, a Grain of Rice: A Memoir in Four Meditations",56.76,5
123,A Murder in Time,16.64,1
124,A Flight of Arrows (The Pathfinders #2),55.53,5
125,A Fierce and Subtle Poison,28.13,4
126,A Court of Thorns and Roses (A Court of Thorns and Roses #1),52.37,1
127,(Un)Qualified: How God Uses Broken People to Do Big Things,54.0,5
128,You Are What You Love: The Spiritual Power of Habit,21.87,4
129,"William Shakespeare's Star Wars: Verily, A New Hope (William Shakespeare's Star Wars #4)",43.3,4
130,Tuesday Nights in 1980,21.04,2
131,Tracing Numbers on a Train,41.6,3
132,Throne of Glass (Throne of Glass #1),35.07,3
133,Thomas Jefferson and the Tripoli Pirates: The Forgotten War That Changed American History,59.64,1
134,Thirteen Reasons Why,52.72,1
135,The White Cat and the Monk: A Retelling of the Poem “Pangur Bán”,58.08,4
136,The Wedding Dress,24.12,1
137,The Vacationers,42.15,4
138,The Third Wave: An Entrepreneur’s Vision of the Future,12.61,5
139,The Stranger,17.44,4
140,The Shadow Hero (The Shadow Hero),33.14,1
141,The Secret (The Secret #1),27.37,4
142,The Regional Office Is Under Attack!,51.36,5
143,The Psychopath Test: A Journey Through the Madness Industry,36.0,2
144,The Project,10.65,1
145,The Power of Now: A Guide to Spiritual Enlightenment,43.54,2
146,The Omnivore's Dilemma: A Natural History of Four Meals,38.21,2
147,The Nerdy Nummies Cookbook: Sweet Treats for the Geek in All of Us,37.34,5
148,The Murder of Roger Ackroyd (Hercule Poirot #4),44.1,4
149,The Mistake (Off-Campus #2),43.29,3
150,The Matchmaker's Playbook (Wingmen Inc. #1),55.85,1
151,The Love and Lemons Cookbook: An Apple-to-Zucchini Celebration of Impromptu Cooking,37.6,2
152,The Long Shadow of Small Ghosts: Murder and Memory in an American City,10.97,1
153,The Kite Runner,41.82,4
154,The House by the Lake,36.95,1
155,The Glittering Court (The Glittering Court #1),44.28,1
156,The Girl on the Train,55.02,2
157,The Genius of Birds,17.24,1
158,The Emerald Mystery,23.15,2
159,The Cookies & Cups Cookbook: 125+ sweet & savory recipes reminding you to Always Eat Dessert First,41.25,1
160,The Bridge to Consciousness: I'm Writing the Bridge Between Science and Our Old and New Beliefs.,32.0,3
161,The Artist's Way: A Spiritual Path to Higher Creativity,38.49,5
162,The Art of War,33.34,5
163,The Argonauts,10.93,2
164,The 10% Entrepreneur: Live Your Startup Dream Without Quitting Your Day Job,27.55,3
165,Suddenly in Love (Lake Haven #1),55.99,2
166,Something More Than This,16.24,4
167,Soft Apocalypse,26.12,2
168,So You've Been Publicly Shamed,12.23,2
169,Shoe Dog: A Memoir by the Creator of NIKE,23.99,2
170,"Shobu Samurai, Project Aryoku (#3)",29.06,3
171,Secrets and Lace (Fatal Hearts #1),20.27,1
172,Scarlett Epstein Hates It Here,43.55,5
173,Romero and Juliet: A Tragic Tale of Love and Zombies,36.94,1
174,Redeeming Love,20.47,5
175,Poses for Artists Volume 1 - Dynamic and Sitting Poses: An Essential Reference for Figure Drawing and the Human Form,41.06,1
176,Poems That Make Grown Women Cry,14.19,4
177,"Nightingale, Sing",38.28,1
178,Night Sky with Exit Wounds,41.05,1
179,Mrs. Houdini,30.25,5
180,Modern Romance,28.26,5
181,Miss Peregrine’s Home for Peculiar Children (Miss Peregrine’s Peculiar Children #1),10.76,1
182,Louisa: The Extraordinary Life of Mrs. Adams,16.85,2
183,Little Red,13.47,3
184,Library of Souls (Miss Peregrine’s Peculiar Children #3),48.56,5
185,Large Print Heart of the Pride,19.15,2
186,I Had a Nice Time And Other Lies...: How to find love & sh*t like that,57.36,4
187,Hollow City (Miss Peregrine’s Peculiar Children #2),42.98,1
188,Grumbles,22.16,2
189,Full Moon over Noah’s Ark: An Odyssey to Mount Ararat and Beyond,49.43,4
190,Frostbite (Vampire Academy #2),29.99,5
191,Follow You Home,21.36,1
192,First Steps for New Christians (Print Edition),29.0,1
193,Finders Keepers (Bill Hodges Trilogy #2),53.53,5
194,"Fables, Vol. 1: Legends in Exile (Fables #1)",41.62,4
195,Eureka Trivia 6.0,54.59,4
196,Drive: The Surprising Truth About What Motivates Us,34.95,4
197,Done Rubbed Out (Reightman & Bailey #1),37.72,5
198,Doing It Over (Most Likely To #1),35.61,3
199,"Deliciously Ella Every Day: Quick and Easy Recipes for Gluten-Free Snacks, Packed Lunches, and Simple Meals",42.16,3
200,Dark Notes,19.19,5
201,"Daring Greatly: How the Courage to Be Vulnerable Transforms the Way We Live, Love, Parent, and Lead",19.43,3
202,Close to You,49.46,4
203,Chasing Heaven: What Dying Taught Me About Living,37.8,2
204,Big Magic: Creative Living Beyond Fear,30.8,3
205,Becoming Wise: An Inquiry into the Mystery and Art of Living,27.43,2
206,Beauty Restored (Riley Family Legacy Novellas #3),11.11,2
207,Batman: The Long Halloween (Batman),36.5,2
208,Batman: The Dark Knight Returns (Batman),15.38,5
209,Ayumi's Violin,15.48,2
210,Anonymous,46.82,4
211,Amy Meets the Saints and Sages,18.46,3
212,Amid the Chaos,36.58,1
213,Amatus,50.54,5
214,Agnostic: A Spirited Manifesto,12.51,5
215,Zealot: The Life and Times of Jesus of Nazareth,24.7,3
216,You (You #1),43.61,5
217,"Wonder Woman: Earth One, Volume One (Wonder Woman: Earth One #1)",37.34,4
218,Wild Swans,14.36,2
219,Why the Right Went Wrong: Conservatism--From Goldwater to the Tea Party and Beyond,52.65,4
220,Whole Lotta Creativity Going On: 60 Fun and Unusual Exercises to Awaken and Strengthen Your Creativity,38.2,4
221,What's It Like in Space?: Stories from Astronauts Who've Been There,19.6,2
222,"We Are Robin, Vol. 1: The Vigilante Business (We Are Robin #1)",53.9,1
223,Walt Disney's Alice in Wonderland,12.96,5
224,V for Vendetta (V for Vendetta Complete),37.1,4
225,Until Friday Night (The Field Party #1),46.31,2
226,"Unbroken: A World War II Story of Survival, Resilience, and Redemption",45.95,2
227,Twenty Yawns,22.08,2
228,Through the Woods,25.38,2
229,This Is Where It Ends,27.12,2
230,The Year of Magical Thinking,43.04,2
231,The Wright Brothers,56.8,4
232,The White Queen (The Cousins' War #1),25.91,5
233,The Wedding Pact (The O'Malleys #2),32.61,3
234,The Time Keeper,27.88,5
235,The Testament of Mary,52.67,4
236,The Star-Touched Queen,46.02,5
237,The Songs of the Gods,44.48,5
238,The Song of Achilles,37.4,5
239,The Rosie Project (Don Tillman #1),54.04,1
240,The Power of Habit: Why We Do What We Do in Life and Business,16.88,3
241,The Marriage of Opposites,28.08,4
242,The Lucifer Effect: Understanding How Good People Turn Evil,10.4,1
243,The Long Haul (Diary of a Wimpy Kid #9),44.07,1
244,The Loney,23.4,1
245,The Literature Book (Big Ideas Simply Explained),17.43,3
246,The Last Mile (Amos Decker #2),54.21,2
247,The Immortal Life of Henrietta Lacks,40.67,2
248,The Hidden Oracle (The Trials of Apollo #1),52.26,2
249,The Help Yourself Cookbook for Kids: 60 Easy Plant-Based Recipes Kids Can Make to Stay Healthy and Save the Earth,28.77,3
250,The Guilty (Will Robie #4),13.82,2
251,The First Hostage (J.B. Collins #2),25.85,3
252,The Dovekeepers,48.78,1
253,The Darkest Lie,35.35,5
254,The Bane Chronicles (The Bane Chronicles #1-11),44.73,4
255,The Bad-Ass Librarians of Timbuktu: And Their Race to Save the World’s Most Precious Manuscripts,15.77,1
256,The 14th Colony (Cotton Malone #11),39.24,1
257,That Darkness (Gardiner and Renner #1),13.92,1
258,Tastes Like Fear (DI Marnie Rome #3),10.69,1
259,Take Me with You,45.21,3
260,Swell: A Year of Waves,45.58,1
261,Superman Vol. 1: Before Truth (Superman by Gene Luen Yang #1),11.89,5
262,Still Life with Bread Crumbs,26.41,3
263,Steve Jobs,39.5,5
264,Sorting the Beef from the Bull: The Science of Food Fraud Forensics,44.74,4
265,Someone Like You (The Harrisons #2),52.79,5
266,"So Cute It Hurts!!, Vol. 6 (So Cute It Hurts!! #6)",35.43,4
267,Shtum,55.84,4
268,See America: A Celebration of Our National Parks & Treasured Sites,48.87,3
269,salt.,46.78,4
270,Robin War,47.82,3
271,"Red Hood/Arsenal, Vol. 1: Open for Business (Red Hood/Arsenal #1)",25.48,2
272,Rain Fish,23.57,3
273,"Quarter Life Poetry: Poems for the Young, Broke and Hangry",50.89,5
274,Pet Sematary,10.56,3
275,"Overload: How to Unplug, Unwind, and Unleash Yourself from the Pressure of Stress",52.15,3
276,Once Was a Time,18.28,2
277,Old School (Diary of a Wimpy Kid #10),11.83,5
278,No Dream Is Too High: Life Lessons From a Man Who Walked on the Moon,21.95,2
279,"Naruto (3-in-1 Edition), Vol. 14: Includes Vols. 40, 41 & 42 (Naruto: Omnibus #14)",38.39,2
280,My Name Is Lucy Barton,41.56,1
281,My Mrs. Brown,24.48,3
282,My Kind of Crazy,40.36,1
283,Mr. Mercedes (Bill Hodges Trilogy #1),28.9,1
284,More Than Music (Chasing the Dream #1),37.61,2
285,Made to Stick: Why Some Ideas Survive and Others Die,38.85,5
286,Luis Paints the World,53.95,3
287,Luckiest Girl Alive,49.83,3
288,Lowriders to the Center of the Earth (Lowriders in Space #2),51.51,2
289,Love Is a Mix Tape (Music #1),18.03,1
290,Looking for Lovely: Collecting the Moments that Matter,29.14,5
291,"Living Leadership by Insight: A Good Leader Achieves, a Great Leader Builds Monuments",46.91,4
292,Let It Out: A Journey Through Journaling,26.79,5
293,Lady Midnight (The Dark Artifices #1),16.28,5
294,"It's All Easy: Healthy, Delicious Weeknight Meals in under 30 Minutes",19.55,1
295,Island of Dragons (Unwanteds #7),29.65,1
296,I Know What I'm Doing -- and Other Lies I Tell Myself: Dispatches from a Life Under Construction,25.98,4
297,I Am Pilgrim (Pilgrim #1),10.6,4
298,"Hyperbole and a Half: Unfortunate Situations, Flawed Coping Mechanisms, Mayhem, and Other Things That Happened",14.75,5
299,"Hush, Hush (Hush, Hush #1)",47.02,3
300,Hold Your Breath (Search and Rescue #1),28.82,1
301,Hamilton: The Revolution,58.79,3
302,Greek Mythic History,10.23,5
303,God: The Most Unpleasant Character in All Fiction,30.03,5
304,Glory over Everything: Beyond The Kitchen House,45.84,3
305,Feathers: Displays of Brilliant Plumage,49.05,3
306,"Far & Away: Places on the Brink of Change: Seven Continents, Twenty-Five Years",15.06,4
307,Every Last Word,46.47,3
308,Eligible (The Austen Project #4),27.09,3
309,El Deafo,57.62,5
310,Eight Hundred Grapes,14.39,4
311,"Eaternity: More than 150 Deliciously Easy Vegan Recipes for a Long, Healthy, Satisfied, Joyful Life",51.75,5
312,"Eat Fat, Get Thin",54.07,2
313,Don't Get Caught,55.35,1
314,Doctor Sleep (The Shining #2),40.12,2
315,Demigods & Magicians: Percy and Annabeth Meet the Kanes (Percy Jackson & Kane Chronicles Crossover #1-3),37.51,5
316,Dear Mr. Knightley,11.21,5
317,Daily Fantasy Sports,36.58,1
318,Crazy Love: Overwhelmed by a Relentless God,47.72,2
319,Cometh the Hour (The Clifton Chronicles #6),25.01,3
320,Code Name Verity (Code Name Verity #1),22.13,4
321,Clockwork Angel (The Infernal Devices #1),44.14,1
322,City of Glass (The Mortal Instruments #3),56.02,4
323,City of Fallen Angels (The Mortal Instruments #4),11.23,4
324,City of Bones (The Mortal Instruments #1),43.28,1
325,City of Ashes (The Mortal Instruments #2),47.27,1
326,Cell,20.29,4
327,Catching Jordan (Hundred Oaks),50.83,3
328,"Carry On, Warrior: Thoughts on Life Unarmed",31.85,3
329,Carrie,46.23,2
330,Buying In: The Secret Dialogue Between What We Buy and Who We Are,37.8,4
331,Brain on Fire: My Month of Madness,49.32,5
332,Batman: Europa,32.01,2
333,Barefoot Contessa Back to Basics,28.01,1
334,Barefoot Contessa at Home: Everyday Recipes You'll Make Over and Over Again,50.62,5
335,Balloon Animals,17.03,3
336,Art Ops Vol. 1,48.8,3
337,Aristotle and Dante Discover the Secrets of the Universe (Aristotle and Dante Discover the Secrets of the Universe #1),58.14,4
338,Angels Walking (Angels Walking #1),34.2,2
339,Angels & Demons (Robert Langdon #1),51.48,3
340,All the Light We Cannot See,29.87,5
341,"Adulthood Is a Myth: A ""Sarah's Scribbles"" Collection",10.9,2
342,Abstract City,56.37,5
343,A Time of Torment (Charlie Parker #14),48.35,5
344,A Study in Scarlet (Sherlock Holmes #1),16.73,2
345,"A Series of Catastrophes and Miracles: A True Story of Love, Science, and Cancer",56.48,2
346,A People's History of the United States,40.79,2
347,A Man Called Ove,39.72,1
348,A Distant Mirror: The Calamitous 14th Century,14.58,3
349,A Brush of Wings (Angels Walking #3),55.51,1
350,1491: New Revelations of the Americas Before Columbus,21.8,3
351,"The Three Searches, Meaning, and the Story",13.33,3
352,Searching for Meaning in Gailana,38.73,1
353,Rook,37.86,4
354,My Kitchen Year: 136 Recipes That Saved My Life,11.53,2
355,13 Hours: The Inside Account of What Really Happened In Benghazi,27.06,1
356,Will You Won't You Want Me?,13.86,3
357,Tipping Point for Planet Earth: How Close Are We to the Edge?,37.55,1
358,The Star-Touched Queen,32.3,5
359,The Silent Sister (Riley MacPherson #1),46.29,5
360,The Midnight Watch: A Novel of the Titanic and the Californian,26.2,1
361,The Lonely City: Adventures in the Art of Being Alone,33.26,2
362,The Gray Rhino: How to Recognize and Act on the Obvious Dangers We Ignore,59.15,4
363,The Golden Condom: And Other Essays on Love Lost and Found,39.43,1
364,The Epidemic (The Program 0.6),14.44,5
365,The Dinner Party,56.54,2
366,The Diary of a Young Girl,59.9,3
367,The Children,11.88,3
368,Stars Above (The Lunar Chronicles #4.5),48.05,2
369,Snatched: How A Drug Queen Went Undercover for the DEA and Was Kidnapped By Colombian Guerillas,21.21,3
370,Raspberry Pi Electronics Projects for the Evil Genius,49.67,4
371,Quench Your Own Thirst: Business Lessons Learned Over a Beer or Two,43.14,1
372,Psycho: Sanitarium (Psycho #1.5),36.97,5
373,Poisonous (Max Revere Novels #3),26.8,3
374,One with You (Crossfire #5),15.71,4
375,No Love Allowed (Dodge Cove #1),54.65,4
376,Murder at the 42nd Street Library (Raymond Ambler #1),54.36,4
377,Most Wanted,35.28,3
378,"Love, Lies and Spies",20.55,2
379,How to Speak Golf: An Illustrated Guide to Links Lingo,58.32,5
380,Hide Away (Eve Duncan #20),11.84,1
381,Furiously Happy: A Funny Book About Horrible Things,41.46,4
382,Everyday Italian: 125 Simple and Delicious Recipes,20.1,5
383,Equal Is Unfair: America's Misguided Fight Against Income Inequality,56.86,1
384,Eleanor & Park,56.51,5
385,Dirty (Dive Bar #1),40.83,4
386,Can You Keep a Secret? (Fear Street Relaunch #4),48.64,1
387,Boar Island (Anna Pigeon #19),59.48,3
388,A Paris Apartment,39.01,4
389,"A la Mode: 120 Recipes in 60 Pairings: Pies, Tarts, Cakes, Crisps, and More Topped with Ice Cream, Gelato, Frozen Custard, and More",38.77,1
390,Troublemaker: Surviving Hollywood and Scientology,48.39,2
391,The Widow,27.26,2
392,"The Sleep Revolution: Transforming Your Life, One Night at a Time",11.68,4
393,The Improbability of Love,59.45,1
394,The Art of Startup Fundraising,21.0,3
395,Take Me Home Tonight (Rock Star Romance #3),53.98,3
396,Sleeping Giants (Themis Files #1),48.74,1
397,"Setting the World on Fire: The Brief, Astonishing Life of St. Catherine of Siena",21.15,2
398,Playing with Fire,13.71,3
399,Off the Hook (Fishing for Trouble #1),47.67,3
400,Mothering Sunday,13.34,2
401,"Mother, Can You Not?",16.89,5
402,M Train,27.18,1
403,Lilac Girls,17.28,2
404,Lies and Other Acts of Love,45.14,1
405,Lab Girl,40.85,1
406,Keep Me Posted,20.46,4
407,It Didn't Start with You: How Inherited Family Trauma Shapes Who We Are and How to End the Cycle,56.27,3
408,Grey (Fifty Shades #4),48.49,4
409,"Exit, Pursued by a Bear",51.34,4
410,Daredevils,16.34,3
411,Cravings: Recipes for What You Want to Eat,20.5,3
412,Born for This: How to Find the Work You Were Meant to Do,21.59,5
413,Arena,21.36,4
414,Adultery,20.88,5
415,A Mother's Reckoning: Living in the Aftermath of Tragedy,19.53,3
416,A Gentleman's Position (Society of Gentlemen #3),14.75,5
417,11/22/63,48.48,3
418,"10% Happier: How I Tamed the Voice in My Head, Reduced Stress Without Losing My Edge, and Found Self-Help That Actually Works",24.57,2
419,10-Day Green Smoothie Cleanse: Lose Up to 15 Pounds in 10 Days!,49.71,5
420,Without Shame,48.27,5
421,Watchmen,58.05,4
422,Unlimited Intuition Now,58.87,4
423,Underlying Notes,11.82,2
424,The Shack,28.03,1
425,The New Brand You: Your New Image Makes the Sale for You,44.05,5
426,"The Moosewood Cookbook: Recipes from Moosewood Restaurant, Ithaca, New York",12.34,4
427,The Flowers Lied,16.68,2
428,"The Fabric of the Cosmos: Space, Time, and the Texture of Reality",55.91,1
429,The Book of Mormon,24.57,3
430,The Art and Science of Low Carbohydrate Living,52.98,5
431,The Alien Club,54.4,1
432,Suzie Snowflake: One beautiful flake (a self-esteem story),54.81,5
433,Nap-a-Roo,25.08,1
434,"NaNo What Now? Finding your editing process, revising your NaNoWriMo book and building a writing career through publishing and beyond",10.41,4
435,Modern Day Fables,47.44,2
436,If I Gave You God's Phone Number....: Searching for Spirituality in America,20.91,1
437,"Fruits Basket, Vol. 9 (Fruits Basket #9)",33.95,4
438,Dress Your Family in Corduroy and Denim,43.68,3
439,Don't Forget Steven,33.23,1
440,Chernobyl 01:23:40: The Incredible True Story of the World's Worst Nuclear Disaster,35.92,2
441,Art and Fear: Observations on the Perils (and Rewards) of Artmaking,48.63,4
442,A Shard of Ice (The Black Symphony Saga #1),56.63,3
443,A Hero's Curse (The Unseen Chronicles #1),50.49,3
444,23 Degrees South: A Tropical Tale of Changing Whether...,35.79,2
445,"Zero to One: Notes on Startups, or How to Build the Future",34.06,3
446,Why Not Me?,17.76,1
447,When Breath Becomes Air,39.36,2
448,Vagabonding: An Uncommon Guide to the Art of Long-Term World Travel,36.94,2
449,The Unlikely Pilgrimage of Harold Fry (Harold Fry #1),43.62,5
450,The New Drawing on the Right Side of the Brain,43.02,3
451,"The Midnight Assassin: Panic, Scandal, and the Hunt for America's First Serial Killer",28.45,4
452,The Martian (The Martian #1),41.39,2
453,The High Mountains of Portugal,51.15,1
454,The Grownup,35.88,1
455,The E-Myth Revisited: Why Most Small Businesses Don't Work and What to Do About It,36.91,1
456,South of Sunshine,28.93,1
457,Smarter Faster Better: The Secrets of Being Productive in Life and Business,38.89,5
458,Silence in the Dark (Logan Point #4),58.33,3
459,Shadows of the Past (Logan Point #1),39.67,5
460,Roller Girl,14.1,5
461,Rising Strong,21.82,3
462,Proofs of God: Classical Arguments from Tertullian to Barth,54.21,1
463,Please Kill Me: The Uncensored Oral History of Punk,31.19,4
464,Out of Print: City Lights Spotlight No. 14,53.64,5
465,My Life Next Door (My Life Next Door ),36.39,5
466,Miller's Valley,58.54,2
467,Man's Search for Meaning,29.48,3
468,"Love That Boy: What Two Presidents, Eight Road Trips, and My Son Taught Me About a Parent's Expectations",25.06,2
469,Living Forward: A Proven Plan to Stop Drifting and Get the Life You Want,12.55,3
470,Les Fleurs du Mal,29.04,5
471,Left Behind (Left Behind #1),40.72,2
472,Kill 'Em and Leave: Searching for James Brown and the American Soul,45.05,5
473,Kierkegaard: A Christian Missionary to Christians,47.13,1
474,John Vassos: Industrial Design for Modern Life,20.22,4
475,I'll Give You the Sun,56.48,1
476,I Will Find You,44.21,1
477,Hystopia: A Novel,21.96,4
478,Howl and Other Poems,40.45,2
479,History of Beauty,10.29,4
480,Heaven is for Real: A Little Boy's Astounding Story of His Trip to Heaven and Back,52.86,2
481,Future Shock (Future Shock #1),55.65,5
482,Ender's Game (The Ender Quintet #1),43.64,1
483,Diary of a Citizen Scientist: Chasing Tiger Beetles and Other New Ways of Engaging the World,28.41,1
484,Death by Leisure: A Cautionary Tale,37.51,4
485,Brilliant Beacons: A History of the American Lighthouse,11.45,3
486,Brazen: The Courage to Find the You That's Been Hiding,19.22,2
487,Between the World and Me,56.91,4
488,Being Mortal: Medicine and What Matters in the End,55.06,4
489,"A Murder Over a Girl: Justice, Gender, Junior High",13.2,3
490,32 Yolks,53.63,2
491,"""Most Blessed of the Patriarchs"": Thomas Jefferson and the Empire of the Imagination",44.48,5
492,You Are a Badass: How to Stop Doubting Your Greatness and Start Living an Awesome Life,12.08,3
493,Wildlife of New York: A Five-Borough Coloring Book,22.14,2
494,What Happened on Beale Street (Secrets of the South Mysteries #2),25.37,5
495,Unreasonable Hope: Finding Faith in the God Who Brings Purpose to Your Pain,46.33,2
496,Under the Tuscan Sun,37.33,3
497,Toddlers Are A**holes: It's Not Your Fault,25.55,1
498,The Year of Living Biblically: One Man's Humble Quest to Follow the Bible as Literally as Possible,34.72,1
499,The Whale,35.96,4
500,The Story of Art,41.14,4
501,The Origin of Species,10.01,4
502,The Great Gatsby,36.05,4
503,The Good Girl,49.03,3
504,The Glass Castle,16.24,1
505,The Faith of Christopher Hitchens: The Restless Soul of the World's Most Notorious Atheist,39.55,1
506,The Drowning Girls,35.67,3
507,The Constant Princess (The Tudor Court #1),16.62,3
508,The Bourne Identity (Jason Bourne #1),42.78,4
509,The Bachelor Girl's Guide to Murder (Herringford and Watts Mysteries #1),52.3,5
510,The Art Book,32.34,2
511,The 7 Habits of Highly Effective People: Powerful Lessons in Personal Change,33.17,4
512,Team of Rivals: The Political Genius of Abraham Lincoln,20.12,5
513,Steal Like an Artist: 10 Things Nobody Told You About Being Creative,20.9,2
514,"Sit, Stay, Love",20.9,3
515,Sister Dear,40.2,4
516,"Shrunken Treasures: Literary Classics, Short, Sweet, and Silly",52.87,3
517,"Rich Dad, Poor Dad",51.74,1
518,Raymie Nightingale,34.41,2
519,Playing from the Heart,32.38,1
520,Nightstruck: A Novel,50.35,4
521,"Naturally Lean: 125 Nourishing Gluten-Free, Plant-Based Recipes--All Under 300 Calories",11.38,5
522,Meternity,43.58,3
523,Memoirs of a Geisha,49.67,3
524,Like Never Before (Walker Family #2),28.77,2
525,Life of Pi,13.22,4
526,Leave This Song Behind: Teen Poetry at Its Best,51.17,5
527,King's Folly (The Kinsman Chronicles #1),39.61,5
528,John Adams,57.43,4
529,How to Cook Everything Vegetarian: Simple Meatless Recipes for Great Food (How to Cook Everything),46.01,4
530,How to Be a Domestic Goddess: Baking and the Art of Comfort Cooking,28.25,2
531,Good in Bed (Cannie Shapiro #1),37.05,5
532,"Fruits Basket, Vol. 7 (Fruits Basket #7)",19.57,1
533,For the Love: Fighting for Grace in a World of Impossible Standards,45.13,3
534,Finding God in the Ruins: How God Redeems Pain,46.64,2
535,Every Heart a Doorway (Every Heart A Doorway #1),12.16,5
536,Delivering the Truth (Quaker Midwife Mystery #1),20.89,4
537,Counted With the Stars (Out from Egypt #1),17.97,5
538,"Chronicles, Vol. 1",52.6,2
539,Blue Like Jazz: Nonreligious Thoughts on Christian Spirituality,25.77,1
540,Benjamin Franklin: An American Life,48.19,3
541,"At The Existentialist Café: Freedom, Being, and apricot cocktails with: Jean-Paul Sartre, Simone de Beauvoir, Albert Camus, Martin Heidegger, Edmund Husserl, Karl Jaspers, Maurice Merleau-Ponty and others",29.93,5
542,A Summer In Europe,44.34,2
543,A Short History of Nearly Everything,52.4,5
544,A Gathering of Shadows (Shades of Magic #2),44.81,4
545,The Sound Of Love,57.84,5
546,The Rise and Fall of the Third Reich: A History of Nazi Germany,39.67,2
547,The Perks of Being a Wallflower,55.02,3
548,The Mysterious Affair at Styles (Hercule Poirot #1),24.8,4
549,The Man Who Mistook His Wife for a Hat and Other Clinical Tales,59.45,4
550,The Makings of a Fatherless Child,31.58,2
551,The Joy of Cooking,43.27,4
552,The Invention of Wings,37.34,1
553,The Hobbit (Middle-Earth Universe),17.8,5
554,The Great Railway Bazaar,30.54,1
555,The Golden Compass (His Dark Materials #1),18.77,1
556,The God Delusion,46.85,3
557,The Girl You Left Behind (The Girl You Left Behind #1),15.79,1
558,The Fellowship of the Ring (The Lord of the Rings #1),10.27,2
559,The Collected Poems of W.B. Yeats (The Collected Works of W.B. Yeats #1),15.42,5
560,The Barefoot Contessa Cookbook,59.92,5
561,Tell the Wolves I'm Home,50.96,2
562,Ship Leaves Harbor: Essays on Travel by a Recovering Journeyman,30.6,3
563,Pride and Prejudice,19.27,4
564,Musicophilia: Tales of Music and the Brain,46.58,1
565,Mere Christianity,48.51,3
566,Me Before You (Me Before You #1),19.02,1
567,In the Woods (Dublin Murder Squad #1),38.38,2
568,In Cold Blood,49.98,4
569,How to Stop Worrying and Start Living,46.49,5
570,Give It Back,18.32,2
571,"Girl, Interrupted",42.14,3
572,Fun Home: A Family Tragicomic,56.59,4
573,"Fruits Basket, Vol. 6 (Fruits Basket #6)",20.96,4
574,Deception Point,40.32,4
575,"Death Note, Vol. 6: Give-and-Take (Death Note #6)",36.39,3
576,Catherine the Great: Portrait of a Woman,58.55,4
577,Better Homes and Gardens New Cook Book,39.61,3
578,An Unquiet Mind: A Memoir of Moods and Madness,21.3,3
579,A Year in Provence (Provence #1),56.88,4
580,World Without End (The Pillars of the Earth #2),32.97,4
581,"Will Grayson, Will Grayson (Will Grayson, Will Grayson)",47.31,4
582,Why Save the Bankers?: And Other Essays on Our Economic and Political Crisis,48.67,2
583,Where She Went (If I Stay #2),41.73,4
584,What If?: Serious Scientific Answers to Absurd Hypothetical Questions,53.68,4
585,Two Summers,14.64,1
586,This Is Your Brain on Music: The Science of a Human Obsession,38.4,1
587,The Secret Garden,15.08,4
588,The Raven King (The Raven Cycle #4),30.57,2
589,The Raven Boys (The Raven Cycle #1),57.74,4
590,The Power Greens Cookbook: 140 Delicious Superfood Recipes,11.05,5
591,The Metamorphosis,28.58,1
592,The Mathews Men: Seven Brothers and the War Against Hitler's U-boats,42.91,5
593,The Little Paris Bookshop,24.73,3
594,The Hiding Place,55.91,4
595,The Grand Design,13.76,3
596,The Firm,45.56,3
597,The Fault in Our Stars,47.22,1
598,The False Prince (The Ascendance Trilogy #1),56.0,5
599,The Expatriates,44.58,2
